{
  "name": "flipclock",
  "version": "0.7.7",
  "homepage": "https://github.com/objectivehtml/FlipClock",
  "authors": [
    "Objective HTML",
    "Justin Kimbrell"
  ],
  "description": "FlipClock.js is a proper abstract object oriented clock and counter library with a realistic flip effect.",
  "main": [
    "compiled/flipclock.js",
    "compiled/flipclock.css"
  ],
  "license": "MIT",
  "ignore": [
    ".jshintrc",
    "bower_components"
  ],
  "dependencies": {
    "jquery": ">=1.7.0"
  },
  "_release": "0.7.7",
  "_resolution": {
    "type": "version",
    "tag": "0.7.7",
    "commit": "f50918c885183c99b9137fec2b99587b52d8d5e5"
  },
  "_source": "https://github.com/objectivehtml/FlipClock.git",
  "_target": "^0.7.7",
  "_originalSource": "FlipClock",
  "_direct": true
}